Ward_name,Mean Value
West End,"2,153,048"
Westbourne,"845,850"
Warwick,"1,150,209"
Vincent Square,"1,868,673"
Tachbrook,"935,351"
St James's,"1,735,629"
Regent's Park,"1,545,248"
Queen's Park,"666,016"
Marylebone High Street,"2,575,188"
Maida Vale,"859,993"
Little Venice,"1,308,419"
Lancaster Gate,"1,202,174"
Knightsbridge and Belgravia,"4,310,913"
Hyde Park,"1,377,200"
Harrow Road,"625,341"
Church Street,"609,612"
Churchill,"1,182,209"
Bryanston and Dorset Square,"1,330,054"
Bayswater,"1,288,859"
Abbey Road,"1,762,082"
West Putney,"782,903"
West Hill,"562,318"
Wandsworth Common,"1,042,402"
Tooting,"622,975"
Thamesfield,"885,311"
Southfields,"691,594"
Shaftesbury,"886,607"
St Mary's Park,"918,503"
Roehampton and Putney Heath,"642,934"
Queenstown,"896,009"
Northcote,"910,208"
Nightingale,"815,564"
Latchmere,"549,251"
Graveney,"562,481"
Furzedown,"540,707"
Fairfield,"718,680"
East Putney,"708,925"
Earlsfield,"609,074"
Bedford,"692,470"
Balham,"897,394"
Wood Street,"462,194"
William Morris,"451,628"
Valley,"359,898"
Markhouse,"478,073"
Leytonstone,"429,007"
Leyton,"411,704"
Lea Bridge,"386,571"
Larkswood,"387,930"
Hoe Street,"470,333"
Higham Hill,"398,029"
High Street,"449,166"
Hatch Lane,"405,609"
Hale End and Highams Park,"487,705"
Grove Green,"426,823"
Forest,"462,705"
Endlebury,"447,920"
Chingford Green,"433,511"
Chapel End,"435,197"
Cathall,"417,548"
Cann Hall,"436,818"
Whitechapel,"736,952"
Weavers,"658,069"
Stepney Green,"405,607"
Spitalfields and Banglatown,"531,227"
Shadwell,"828,353"
St Peter's,"418,692"
St Katharine's and Wapping,"736,049"
St Dunstan's,"426,312"
Poplar,"371,642"
Mile End,"423,691"
Limehouse,"621,700"
Lansbury,"366,886"
Island Gardens,"494,459"
Canary Wharf,"501,648"
Bromley South,"398,903"
Bromley North,"405,222"
Bow West,"646,404"
Bow East,"438,365"
Blackwall and Cubitt Town,"532,047"
Bethnal Green,"542,339"
Worcester Park,"370,014"
Wandle Valley,"300,910"
Wallington South,"355,552"
Wallington North,"356,509"
The Wrythe,"348,759"
Sutton West,"369,426"
Sutton South,"348,246"
Sutton North,"363,947"
Sutton Central,"307,048"
Stonecot,"415,305"
St Helier,"322,301"
Nonsuch,"470,946"
Cheam,"663,473"
Carshalton South and Clockhouse,"457,644"
Carshalton Central,"430,690"
Belmont,"457,719"
Beddington South,"388,672"
Beddington North,"360,088"
Village,"1,117,873"
The Lane,"582,372"
Surrey Docks,"514,654"
South Camberwell,"551,218"
South Bermondsey,"417,243"
Rotherhithe,"509,814"
Riverside,"1,120,283"
Peckham Rye,"557,529"
Peckham,"362,204"
Nunhead,"523,397"
Newington,"520,376"
Livesey,"418,533"
Grange,"599,605"
Faraday,"507,858"
East Walworth,"525,535"
East Dulwich,"686,841"
College,"550,615"
Chaucer,"541,810"
Cathedrals,"828,700"
Camberwell Green,"461,775"
Brunswick Park,"542,633"
Whitton,"486,576"
West Twickenham,"552,522"
Twickenham Riverside,"729,757"
Teddington,"799,871"
South Twickenham,"717,727"
South Richmond,"911,595"
St Margarets and North Twickenha,"753,736"
North Richmond,"757,277"
Mortlake and Barnes Common,"1,011,637"
Kew,"887,292"
Heathfield,"469,128"
Hampton Wick,"767,678"
Hampton North,"490,598"
Hampton,"603,865"
"Ham, Petersham and Richmond Rive","849,199"
Fulwell and Hampton Hill,"638,957"
East Sheen,"1,118,153"
Barnes,"1,530,426"
Wanstead,"631,510"
Valentines,"343,469"
Snaresbrook,"528,950"
Seven Kings,"347,030"
Roding,"483,981"
Newbury,"356,048"
Monkhams,"605,504"
Mayfield,"424,115"
Loxford,"297,823"
Hainault,"349,223"
Goodmayes,"332,568"
Fullwell,"415,834"
Fairlop,"411,117"
Cranbrook,"406,927"
Clementswood,"303,392"
Clayhall,"503,147"
Church End,"491,140"
Chadwell,"318,029"
Bridge,"425,404"
Barkingside,"423,225"
Aldborough,"371,739"
West Ham,"355,124"
Wall End,"335,992"
Stratford and New Town,"401,933"
Royal Docks,"450,641"
Plaistow South,"333,248"
Plaistow North,"334,392"
Manor Park,"368,552"
Little Ilford,"294,553"
Green Street West,"379,687"
Green Street East,"338,824"
Forest Gate South,"430,449"
Forest Gate North,"412,508"
East Ham South,"296,219"
East Ham North,"329,531"
East Ham Central,"313,164"
Custom House,"331,975"
Canning Town South,"400,043"
Canning Town North,"356,579"
Boleyn,"334,806"
Beckton,"305,853"
Wimbledon Park,"890,607"
West Barnes,"494,296"
Village,"2,076,976"
Trinity,"676,296"
St Helier,"366,712"
Raynes Park,"721,110"
Ravensbury,"368,360"
Pollards Hill,"340,038"
Merton Park,"619,904"
Lower Morden,"398,430"
Longthornton,"377,588"
Lavender Fields,"340,979"
Hillside,"1,012,111"
Graveney,"483,409"
Figge's Marsh,"305,413"
Dundonald,"651,224"
Cricket Green,"311,481"
Colliers Wood,"430,919"
Cannon Hill,"501,852"
Abbey,"610,383"
Whitefoot,"335,882"
Telegraph Hill,"497,922"
Sydenham,"433,336"
Rushey Green,"376,514"
Perry Vale,"488,799"
New Cross,"383,825"
Lewisham Central,"349,785"
Lee Green,"524,555"
Ladywell,"517,238"
Grove Park,"359,752"
Forest Hill,"478,701"
Evelyn,"441,608"
Downham,"327,194"
Crofton Park,"515,269"
Catford South,"469,266"
Brockley,"453,926"
Blackheath,"594,685"
Bellingham,"333,009"
Vassall,"498,629"
Tulse Hill,"578,516"
Thurlow Park,"608,861"
Thornton,"695,807"
Streatham Wells,"426,171"
Streatham South,"501,981"
Streatham Hill,"570,888"
Stockwell,"569,364"
St Leonard's,"480,443"
Prince's,"639,659"
Oval,"731,207"
Larkhall,"595,461"
Knight's Hill,"520,312"
Herne Hill,"665,350"
Gipsy Hill,"489,989"
Ferndale,"549,261"
Coldharbour,"575,487"
Clapham Town,"797,333"
Clapham Common,"804,275"
Brixton Hill,"532,879"
Bishop's,"816,630"
Tudor,"779,598"
Tolworth and Hook Rise,"417,609"
Surbiton Hill,"515,607"
St Mark's,"543,215"
St James,"562,832"
Old Malden,"517,132"
Norbiton,"453,658"
Grove,"511,119"
Coombe Vale,"675,070"
Coombe Hill,"950,728"
Chessington South,"382,349"
Chessington North and Hook,"378,906"
Canbury,"610,608"
Beverley,"536,489"
Berrylands,"518,376"
Alexandra,"498,904"
Stanley,"2,100,564"
St Helen's,"1,040,515"
Royal Hospital,"2,059,648"
Redcliffe,"1,336,137"
Queen's Gate,"2,287,752"
Pembridge,"1,860,576"
Notting Dale,"890,730"
Norland,"3,638,239"
Holland,"1,784,057"
Golborne,"791,797"
Earl's Court,"1,006,874"
Dalgarno,"849,073"
Courtfield,"2,041,311"
Colville,"1,335,216"
Chelsea Riverside,"2,042,780"
Campden,"2,843,829"
Brompton and Hans Town,"3,066,523"
Abingdon,"1,869,302"
Tollington,"597,236"
St Peter's,"875,657"
St Mary's,"934,061"
St George's,"704,454"
Mildmay,"646,679"
Junction,"603,807"
Holloway,"547,003"
Hillrise,"598,392"
Highbury West,"665,166"
Highbury East,"759,629"
Finsbury Park,"546,420"
Clerkenwell,"928,389"
Canonbury,"778,487"
Caledonian,"704,433"
Bunhill,"804,272"
Barnsbury,"1,050,311"
Turnham Green,"872,387"
Syon,"438,543"
Osterley and Spring Grove,"458,132"
Isleworth,"463,798"
Hounslow West,"337,899"
Hounslow South,"453,104"
Hounslow Heath,"331,167"
Hounslow Central,"269,342"
Heston West,"338,080"
Heston East,"380,889"
Heston Central,"359,202"
Hanworth Park,"314,853"
Hanworth,"316,304"
Feltham West,"286,480"
Feltham North,"340,033"
Cranford,"355,669"
Chiswick Riverside,"840,230"
Chiswick Homefields,"999,819"
Brentford,"598,070"
Bedfont,"301,958"
Yiewsley,"310,365"
Yeading,"318,157"
West Ruislip,"517,102"
West Drayton,"369,548"
Uxbridge South,"356,248"
Uxbridge North,"506,543"
Townfield,"333,095"
South Ruislip,"428,072"
Pinkwell,"364,754"
Northwood Hills,"538,636"
Northwood,"815,518"
Manor,"468,379"
Ickenham,"646,904"
Hillingdon East,"386,899"
Heathrow Villages,"274,854"
Harefield,"447,736"
Eastcote and East Ruislip,"586,165"
Charville,"359,064"
Cavendish,"474,064"
Brunel,"384,500"
Botwell,"284,744"
Barnhill,"338,406"
Upminster,"536,931"
Squirrel's Heath,"375,954"
South Hornchurch,"307,793"
St Andrew's,"351,337"
Romford Town,"296,233"
Rainham and Wennington,"307,944"
Pettits,"435,567"
Mawneys,"316,721"
Hylands,"388,868"
Heaton,"296,243"
Havering Park,"337,127"
Harold Wood,"377,663"
Hacton,"378,894"
Gooshays,"295,197"
Emerson Park,"556,393"
Elm Park,"321,479"
Cranham,"452,345"
Brooklands,"281,559"
West Harrow,"492,258"
Wealdstone,"376,208"
Stanmore Park,"747,228"
Roxeth,"395,637"
Roxbourne,"381,823"
Rayners Lane,"464,035"
Queensbury,"441,044"
Pinner South,"607,595"
Pinner,"657,872"
Marlborough,"391,301"
Kenton West,"531,331"
Kenton East,"433,181"
Headstone South,"447,879"
Headstone North,"531,835"
Hatch End,"626,005"
Harrow Weald,"482,210"
Harrow on the Hill,"503,333"
Greenhill,"390,616"
Edgware,"388,785"
Canons,"587,908"
Belmont,"594,120"
Woodside,"449,512"
White Hart Lane,"352,247"
West Green,"462,496"
Tottenham Hale,"362,879"
Tottenham Green,"413,049"
Stroud Green,"676,702"
Seven Sisters,"498,084"
St Ann's,"463,264"
Northumberland Park,"264,129"
Noel Park,"475,975"
Muswell Hill,"953,367"
Hornsey,"580,247"
Highgate,"1,423,290"
Harringay,"546,950"
Fortis Green,"844,166"
Crouch End,"883,265"
Bruce Grove,"416,245"
Bounds Green,"457,173"
Alexandra,"846,201"
Wormholt and White City,"602,780"
Town,"1,147,144"
Shepherd's Bush Green,"754,695"
Sands End,"1,197,309"
Ravenscourt Park,"936,825"
Parsons Green and Walham,"1,301,851"
Palace Riverside,"1,274,595"
North End,"683,432"
Munster,"923,911"
Hammersmith Broadway,"753,731"
Fulham Reach,"942,641"
Fulham Broadway,"994,805"
College Park and Old Oak,"604,468"
Avonmore and Brook Green,"863,261"
Askew,"632,816"
Addison,"817,326"
Woodberry Down,"564,079"
Victoria,"624,252"
Stoke Newington,"676,539"
Stamford Hill West,"623,921"
Springfield,"455,777"
Shacklewell,"582,239"
London Fields,"797,222"
Lea Bridge,"518,998"
King's Park,"534,729"
Hoxton West,"716,115"
Hoxton East and Shoreditch,"623,308"
Homerton,"451,892"
Haggerston,"518,298"
Hackney Wick,"505,853"
Hackney Downs,"549,290"
Hackney Central,"553,417"
De Beauvoir,"780,747"
Dalston,"548,725"
Clissold,"681,668"
Cazenove,"517,166"
Brownswood,"628,055"
Woolwich Riverside,"371,151"
Woolwich Common,"353,749"
Thamesmead Moorings,"254,382"
Shooters Hill,"365,434"
Plumstead,"316,835"
Peninsula,"511,005"
Middle Park and Sutcliffe,"438,781"
Kidbrooke with Hornfair,"387,006"
Greenwich West,"566,895"
Glyndon,"291,604"
Eltham West,"470,544"
Eltham South,"379,833"
Eltham North,"448,753"
Coldharbour and New Eltham,"421,791"
Charlton,"479,394"
Blackheath Westcombe,"723,002"
Abbey Wood,"326,788"
Winchmore Hill,"639,026"
Upper Edmonton,"333,302"
Turkey Street,"318,138"
Town,"444,735"
Southgate Green,"637,355"
Southgate,"523,487"
Southbury,"353,132"
Ponders End,"311,793"
Palmers Green,"486,420"
Lower Edmonton,"321,611"
Jubilee,"322,532"
Highlands,"474,612"
Haselbury,"325,429"
Grange,"562,499"
Enfield Lock,"300,985"
Enfield Highway,"330,538"
Edmonton Green,"293,720"
Cockfosters,"785,757"
Chase,"419,707"
Bush Hill Park,"444,184"
Bowes,"451,915"
Walpole,"710,757"
Southfield,"829,945"
Southall Green,"261,453"
Southall Broadway,"303,465"
South Acton,"607,167"
Perivale,"417,320"
Norwood Green,"407,829"
Northolt West End,"320,618"
Northolt Mandeville,"361,684"
North Greenford,"385,087"
Northfield,"680,475"
Lady Margaret,"378,410"
Hobbayne,"528,687"
Hanger Hill,"711,310"
Greenford Green,"394,622"
Greenford Broadway,"318,604"
Elthorne,"544,896"
East Acton,"448,276"
Ealing Common,"807,500"
Ealing Broadway,"697,629"
Dormers Wells,"336,928"
Cleveland,"646,268"
Acton Central,"664,986"
Woodside,"326,324"
West Thornton,"305,004"
Waddon,"309,828"
Upper Norwood,"432,127"
Thornton Heath,"318,487"
South Norwood,"350,450"
Shirley,"396,302"
Selsdon and Ballards,"426,521"
Selhurst,"289,263"
Sanderstead,"525,743"
Purley,"472,998"
Norbury,"466,085"
New Addington,"300,700"
Kenley,"449,765"
Heathfield,"343,341"
Fieldway,"275,278"
Fairfield,"314,723"
Croham,"373,776"
Coulsdon West,"501,865"
Coulsdon East,"449,670"
Broad Green,"296,077"
Bensham Manor,"309,885"
Ashburton,"407,271"
Addiscombe,"348,185"
West Hampstead,"878,796"
Swiss Cottage,"1,358,118"
St Pancras and Somers Town,"989,590"
Regent's Park,"1,132,571"
King's Cross,"586,563"
Kilburn,"585,724"
Kentish Town,"801,772"
Holborn and Covent Garden,"954,802"
Highgate,"1,046,342"
Haverstock,"711,906"
Hampstead Town,"1,906,657"
Gospel Oak,"986,824"
Frognal and Fitzjohns,"1,827,900"
Fortune Green,"788,859"
Cantelowes,"758,781"
Camden Town with Primrose Hill,"1,336,519"
Bloomsbury,"817,890"
Belsize,"1,120,685"
West Wickham,"528,364"
Shortlands,"590,786"
Plaistow and Sundridge,"492,413"
Petts Wood and Knoll,"600,700"
Penge and Cator,"461,889"
Orpington,"410,839"
Mottingham and Chislehurst North,"356,454"
Kelsey and Eden Park,"562,906"
Hayes and Coney Hall,"573,735"
Farnborough and Crofton,"571,832"
Darwin,"569,228"
Crystal Palace,"378,631"
Cray Valley West,"363,160"
Cray Valley East,"310,918"
Copers Cope,"426,192"
Clock House,"436,810"
Chislehurst,"612,991"
Chelsfield and Pratts Bottom,"491,012"
Bromley Town,"413,793"
Bromley Common and Keston,"483,767"
Biggin Hill,"371,852"
Bickley,"623,360"
Willesden Green,"463,291"
Wembley Central,"356,425"
Welsh Harp,"378,660"
Tokyngton,"393,134"
Sudbury,"355,081"
Stonebridge,"384,658"
Queensbury,"350,500"
Queens Park,"960,381"
Preston,"442,925"
Northwick Park,"565,579"
Mapesbury,"705,082"
Kilburn,"633,977"
Kenton,"553,035"
Kensal Green,"655,032"
Harlesden,"454,980"
Fryent,"435,141"
Dudden Hill,"606,039"
Dollis Hill,"506,528"
Brondesbury Park,"905,661"
Barnhill,"495,429"
Alperton,"388,502"
Thamesmead East,"235,956"
Sidcup,"385,254"
St Michael's,"372,290"
St Mary's,"445,677"
Northumberland Heath,"347,444"
North End,"265,039"
Longlands,"371,404"
Lesnes Abbey,"352,499"
Falconwood and Welling,"356,790"
Erith,"256,153"
East Wickham,"371,334"
Danson Park,"353,199"
Cray Meadows,"370,799"
Crayford,"272,261"
Colyers,"309,762"
Christchurch,"342,318"
Brampton,"410,623"
Blendon and Penhill,"367,469"
Blackfen and Lamorbey,"359,925"
Belvedere,"272,094"
Barnehurst,"338,723"
Woodhouse,"532,166"
West Hendon,"502,244"
West Finchley,"573,489"
Underhill,"555,164"
Totteridge,"717,176"
Oakleigh,"652,588"
Mill Hill,"702,107"
High Barnet,"582,087"
Hendon,"587,479"
Hale,"563,450"
Golders Green,"654,833"
Garden Suburb,"1,259,349"
Finchley Church End,"692,023"
Edgware,"442,413"
East Finchley,"587,335"
East Barnet,"490,906"
Coppetts,"530,556"
Colindale,"388,772"
Childs Hill,"781,298"
Burnt Oak,"339,244"
Brunswick Park,"543,966"
Whalebone,"309,683"
Village,"259,181"
Valence,"279,512"
Thames,"237,384"
River,"272,451"
Parsloes,"277,045"
Mayesbrook,"283,343"
Longbridge,"401,489"
Heath,"279,167"
Goresbrook,"279,576"
Gascoigne,"255,311"
Eastbury,"296,385"
Eastbrook,"322,019"
Chadwell Heath,"285,406"
Becontree,"282,562"
Alibon,"288,472"
Abbey,"255,508"
City of London,-
West End,"1,958,492"
Westbourne,"744,451"
Warwick,"1,140,020"
Vincent Square,"1,633,021"
Tachbrook,"934,564"
St James's,"1,950,349"
Regent's Park,"1,456,383"
Queen's Park,"689,098"
Marylebone High Street,"2,519,673"
Maida Vale,"859,819"
Little Venice,"1,348,446"
Lancaster Gate,"1,184,413"
Knightsbridge and Belgravia,"4,076,576"
Hyde Park,"1,319,198"
Harrow Road,"612,271"
Church Street,"596,063"
Churchill,"1,178,235"
Bryanston and Dorset Square,"1,323,738"
Bayswater,"1,286,318"
Abbey Road,"1,653,929"
West Putney,"797,883"
West Hill,"572,428"
Wandsworth Common,"1,005,663"
Tooting,"621,602"
Thamesfield,"871,149"
Southfields,"661,823"
Shaftesbury,"850,721"
St Mary's Park,"909,504"
Roehampton and Putney Heath,"596,862"
Queenstown,"842,597"
Northcote,"917,900"
Nightingale,"803,183"
Latchmere,"529,034"
Graveney,"548,708"
Furzedown,"528,974"
Fairfield,"716,307"
East Putney,"704,565"
Earlsfield,"594,062"
Bedford,"651,978"
Balham,"910,273"
Wood Street,"451,781"
William Morris,"437,141"
Valley,"343,857"
Markhouse,"469,828"
Leytonstone,"417,786"
Leyton,"399,233"
Lea Bridge,"373,714"
Larkswood,"388,317"
Hoe Street,"466,105"
Higham Hill,"386,791"
High Street,"434,147"
Hatch Lane,"400,062"
Hale End and Highams Park,"479,885"
Grove Green,"423,092"
Forest,"448,214"
Endlebury,"435,419"
Chingford Green,"429,291"
Chapel End,"414,709"
Cathall,"395,007"
Cann Hall,"424,609"
Whitechapel,"760,348"
Weavers,"659,438"
Stepney Green,"415,344"
Spitalfields and Banglatown,"525,949"
Shadwell,"802,470"
St Peter's,"415,631"
St Katharine's and Wapping,"761,434"
St Dunstan's,"400,808"
Poplar,"367,631"
Mile End,"423,000"
Limehouse,"610,438"
Lansbury,"344,661"
Island Gardens,"493,505"
Canary Wharf,"496,926"
Bromley South,"391,812"
Bromley North,"353,017"
Bow West,"619,039"
Bow East,"439,737"
Blackwall and Cubitt Town,"490,714"
Bethnal Green,"528,776"
Worcester Park,"358,154"
Wandle Valley,"284,252"
Wallington South,"341,864"
Wallington North,"349,306"
The Wrythe,"341,734"
Sutton West,"371,943"
Sutton South,"341,967"
Sutton North,"380,630"
Sutton Central,"300,995"
Stonecot,"410,052"
St Helier,"313,039"
Nonsuch,"471,874"
Cheam,"585,333"
Carshalton South and Clockhouse,"457,050"
Carshalton Central,"413,786"
Belmont,"433,467"
Beddington South,"475,946"
Beddington North,"354,825"
Village,"1,120,307"
The Lane,"572,630"
Surrey Docks,"497,535"
South Camberwell,"537,066"
South Bermondsey,"404,242"
Rotherhithe,"519,542"
Riverside,"968,979"
Peckham Rye,"542,077"
Peckham,"355,979"
Nunhead,"544,314"
Newington,"484,674"
Livesey,"403,814"
Grange,"611,195"
Faraday,"465,988"
East Walworth,"498,864"
East Dulwich,"675,174"
College,"570,385"
Chaucer,"540,067"
Cathedrals,"843,466"
Camberwell Green,"445,763"
Brunswick Park,"553,776"
Whitton,"492,805"
West Twickenham,"541,198"
Twickenham Riverside,"769,028"
Teddington,"777,580"
South Twickenham,"686,759"
South Richmond,"960,915"
St Margarets and North Twickenha,"749,825"
North Richmond,"768,622"
Mortlake and Barnes Common,"959,336"
Kew,"913,647"
Heathfield,"469,425"
Hampton Wick,"749,092"
Hampton North,"484,666"
Hampton,"627,312"
"Ham, Petersham and Richmond Rive","808,244"
Fulwell and Hampton Hill,"621,371"
East Sheen,"1,112,176"
Barnes,"1,550,995"
Wanstead,"619,421"
Valentines,"318,255"
Snaresbrook,"541,679"
Seven Kings,"346,149"
Roding,"483,022"
Newbury,"347,770"
Monkhams,"602,208"
Mayfield,"408,520"
Loxford,"284,156"
Hainault,"335,536"
Goodmayes,"339,882"
Fullwell,"398,023"
Fairlop,"396,426"
Cranbrook,"427,955"
Clementswood,"292,879"
Clayhall,"498,369"
Church End,"489,361"
Chadwell,"302,193"
Bridge,"424,248"
Barkingside,"397,915"
Aldborough,"356,201"
West Ham,"352,117"
Wall End,"316,704"
Stratford and New Town,"375,241"
Royal Docks,"393,171"
Plaistow South,"327,349"
Plaistow North,"338,958"
Manor Park,"345,728"
Little Ilford,"274,207"
Green Street West,"374,173"
Green Street East,"330,791"
Forest Gate South,"425,058"
Forest Gate North,"407,664"
East Ham South,"283,700"
East Ham North,"326,631"
East Ham Central,"303,841"
Custom House,"315,310"
Canning Town South,"400,086"
Canning Town North,"309,417"
Boleyn,"319,560"
Beckton,"300,097"
Wimbledon Park,"849,214"
West Barnes,"561,330"
Village,"1,881,013"
Trinity,"692,530"
St Helier,"360,923"
Raynes Park,"742,335"
Ravensbury,"365,332"
Pollards Hill,"330,723"
Merton Park,"609,774"
Lower Morden,"395,834"
Longthornton,"367,858"
Lavender Fields,"329,330"
Hillside,"945,793"
Graveney,"484,863"
Figge's Marsh,"302,646"
Dundonald,"643,347"
Cricket Green,"296,379"
Colliers Wood,"445,485"
Cannon Hill,"498,404"
Abbey,"602,741"
Whitefoot,"327,662"
Telegraph Hill,"509,851"
Sydenham,"424,417"
Rushey Green,"369,774"
Perry Vale,"468,757"
New Cross,"383,337"
Lewisham Central,"354,988"
Lee Green,"507,386"
Ladywell,"509,496"
Grove Park,"342,901"
Forest Hill,"478,984"
Evelyn,"436,574"
Downham,"321,433"
Crofton Park,"505,659"
Catford South,"453,474"
Brockley,"449,658"
Blackheath,"654,502"
Bellingham,"324,921"
Vassall,"487,873"
Tulse Hill,"562,416"
Thurlow Park,"573,846"
Thornton,"689,181"
Streatham Wells,"417,872"
Streatham South,"509,068"
Streatham Hill,"563,086"
Stockwell,"554,932"
St Leonard's,"503,780"
Prince's,"662,002"
Oval,"751,105"
Larkhall,"588,499"
Knight's Hill,"508,513"
Herne Hill,"638,159"
Gipsy Hill,"483,133"
Ferndale,"544,083"
Coldharbour,"558,254"
Clapham Town,"747,652"
Clapham Common,"813,739"
Brixton Hill,"526,544"
Bishop's,"795,941"
Tudor,"786,980"
Tolworth and Hook Rise,"406,351"
Surbiton Hill,"523,545"
St Mark's,"532,123"
St James,"556,682"
Old Malden,"486,812"
Norbiton,"429,410"
Grove,"500,940"
Coombe Vale,"651,978"
Coombe Hill,"968,236"
Chessington South,"378,093"
Chessington North and Hook,"375,557"
Canbury,"616,015"
Beverley,"510,555"
Berrylands,"530,339"
Alexandra,"464,362"
Stanley,"1,871,069"
St Helen's,"1,066,980"
Royal Hospital,"2,006,854"
Redcliffe,"1,341,529"
Queen's Gate,"2,439,266"
Pembridge,"1,931,352"
Notting Dale,"858,894"
Norland,"3,642,269"
Holland,"1,729,416"
Golborne,"778,454"
Earl's Court,"1,022,457"
Dalgarno,"777,490"
Courtfield,"1,911,135"
Colville,"1,512,919"
Chelsea Riverside,"1,803,376"
Campden,"3,311,007"
Brompton and Hans Town,"2,495,304"
Abingdon,"1,736,970"
Tollington,"590,015"
St Peter's,"861,561"
St Mary's,"965,303"
St George's,"658,199"
Mildmay,"655,959"
Junction,"598,315"
Holloway,"555,167"
Hillrise,"582,432"
Highbury West,"693,936"
Highbury East,"791,894"
Finsbury Park,"537,520"
Clerkenwell,"906,495"
Canonbury,"824,192"
Caledonian,"661,470"
Bunhill,"815,130"
Barnsbury,"984,008"
Turnham Green,"856,877"
Syon,"476,597"
Osterley and Spring Grove,"451,096"
Isleworth,"460,535"
Hounslow West,"331,936"
Hounslow South,"457,976"
Hounslow Heath,"321,147"
Hounslow Central,"282,786"
Heston West,"318,330"
Heston East,"364,404"
Heston Central,"373,494"
Hanworth Park,"316,249"
Hanworth,"299,204"
Feltham West,"278,098"
Feltham North,"333,971"
Cranford,"358,224"
Chiswick Riverside,"794,225"
Chiswick Homefields,"1,011,564"
Brentford,"587,314"
Bedfont,"296,093"
Yiewsley,"323,673"
Yeading,"314,117"
West Ruislip,"498,670"
West Drayton,"349,787"
Uxbridge South,"353,026"
Uxbridge North,"464,892"
Townfield,"321,290"
South Ruislip,"421,205"
Pinkwell,"357,219"
Northwood Hills,"527,619"
Northwood,"783,606"
Manor,"458,156"
Ickenham,"650,685"
Hillingdon East,"378,005"
Heathrow Villages,"271,289"
Harefield,"443,610"
Eastcote and East Ruislip,"566,040"
Charville,"348,396"
Cavendish,"465,241"
Brunel,"380,144"
Botwell,"285,057"
Barnhill,"334,120"
Upminster,"521,221"
Squirrel's Heath,"360,825"
South Hornchurch,"302,425"
St Andrew's,"339,623"
Romford Town,"292,841"
Rainham and Wennington,"295,520"
Pettits,"419,362"
Mawneys,"307,933"
Hylands,"373,556"
Heaton,"296,769"
Havering Park,"331,748"
Harold Wood,"369,595"
Hacton,"367,055"
Gooshays,"293,310"
Emerson Park,"554,281"
Elm Park,"313,377"
Cranham,"449,547"
Brooklands,"259,280"
West Harrow,"478,511"
Wealdstone,"368,772"
Stanmore Park,"712,028"
Roxeth,"381,946"
Roxbourne,"365,590"
Rayners Lane,"459,078"
Queensbury,"441,404"
Pinner South,"545,718"
Pinner,"640,022"
Marlborough,"390,696"
Kenton West,"521,017"
Kenton East,"402,663"
Headstone South,"431,853"
Headstone North,"508,382"
Hatch End,"615,271"
Harrow Weald,"512,148"
Harrow on the Hill,"495,440"
Greenhill,"383,833"
Edgware,"376,210"
Canons,"584,943"
Belmont,"602,366"
Woodside,"433,669"
White Hart Lane,"341,616"
West Green,"447,046"
Tottenham Hale,"356,898"
Tottenham Green,"425,542"
Stroud Green,"674,291"
Seven Sisters,"473,617"
St Ann's,"451,608"
Northumberland Park,"261,196"
Noel Park,"479,277"
Muswell Hill,"942,258"
Hornsey,"575,208"
Highgate,"1,408,475"
Harringay,"544,313"
Fortis Green,"899,247"
Crouch End,"870,360"
Bruce Grove,"401,646"
Bounds Green,"455,042"
Alexandra,"836,251"
Wormholt and White City,"643,383"
Town,"1,170,382"
Shepherd's Bush Green,"689,012"
Sands End,"1,170,603"
Ravenscourt Park,"970,509"
Parsons Green and Walham,"1,290,008"
Palace Riverside,"1,158,029"
North End,"675,977"
Munster,"952,840"
Hammersmith Broadway,"732,626"
Fulham Reach,"893,354"
Fulham Broadway,"1,020,386"
College Park and Old Oak,"594,147"
Avonmore and Brook Green,"833,325"
Askew,"650,807"
Addison,"850,609"
Woodberry Down,"507,028"
Victoria,"626,967"
Stoke Newington,"685,316"
Stamford Hill West,"543,815"
Springfield,"432,564"
Shacklewell,"586,491"
London Fields,"793,715"
Lea Bridge,"533,135"
King's Park,"538,400"
Hoxton West,"764,167"
Hoxton East and Shoreditch,"622,648"
Homerton,"451,769"
Haggerston,"504,457"
Hackney Wick,"533,322"
Hackney Downs,"546,927"
Hackney Central,"572,065"
De Beauvoir,"763,165"
Dalston,"598,910"
Clissold,"643,224"
Cazenove,"525,086"
Brownswood,"628,005"
Woolwich Riverside,"381,059"
Woolwich Common,"339,153"
Thamesmead Moorings,"255,633"
Shooters Hill,"359,407"
Plumstead,"312,881"
Peninsula,"477,671"
Middle Park and Sutcliffe,"442,505"
Kidbrooke with Hornfair,"362,944"
Greenwich West,"561,173"
Glyndon,"286,842"
Eltham West,"437,343"
Eltham South,"376,743"
Eltham North,"437,734"
Coldharbour and New Eltham,"421,689"
Charlton,"478,879"
Blackheath Westcombe,"724,466"
Abbey Wood,"318,638"
Winchmore Hill,"642,530"
Upper Edmonton,"314,317"
Turkey Street,"308,967"
Town,"433,969"
Southgate Green,"653,365"
Southgate,"501,897"
Southbury,"347,331"
Ponders End,"300,960"
Palmers Green,"492,694"
Lower Edmonton,"307,154"
Jubilee,"319,820"
Highlands,"466,444"
Haselbury,"325,592"
Grange,"540,172"
Enfield Lock,"291,309"
Enfield Highway,"319,807"
Edmonton Green,"285,652"
Cockfosters,"778,787"
Chase,"407,877"
Bush Hill Park,"448,355"
Bowes,"450,061"
Walpole,"693,935"
Southfield,"885,786"
Southall Green,"248,210"
Southall Broadway,"301,231"
South Acton,"621,173"
Perivale,"413,533"
Norwood Green,"408,132"
Northolt West End,"313,848"
Northolt Mandeville,"350,944"
North Greenford,"387,210"
Northfield,"682,204"
Lady Margaret,"375,436"
Hobbayne,"502,755"
Hanger Hill,"672,027"
Greenford Green,"398,033"
Greenford Broadway,"313,610"
Elthorne,"535,491"
East Acton,"451,231"
Ealing Common,"807,957"
Ealing Broadway,"620,235"
Dormers Wells,"316,595"
Cleveland,"617,602"
Acton Central,"661,160"
Woodside,"318,926"
West Thornton,"307,518"
Waddon,"295,934"
Upper Norwood,"414,742"
Thornton Heath,"306,582"
South Norwood,"347,120"
Shirley,"392,665"
Selsdon and Ballards,"428,519"
Selhurst,"283,014"
Sanderstead,"519,553"
Purley,"509,038"
Norbury,"459,478"
New Addington,"294,846"
Kenley,"449,611"
Heathfield,"326,631"
Fieldway,"277,771"
Fairfield,"308,307"
Croham,"356,163"
Coulsdon West,"509,961"
Coulsdon East,"440,050"
Broad Green,"282,045"
Bensham Manor,"299,610"
Ashburton,"400,237"
Addiscombe,"337,965"
West Hampstead,"812,569"
Swiss Cottage,"1,371,372"
St Pancras and Somers Town,"919,416"
Regent's Park,"1,389,362"
King's Cross,"572,249"
Kilburn,"608,451"
Kentish Town,"780,010"
Holborn and Covent Garden,"988,073"
Highgate,"1,164,876"
Haverstock,"692,034"
Hampstead Town,"1,758,061"
Gospel Oak,"953,762"
Frognal and Fitzjohns,"1,801,484"
Fortune Green,"773,590"
Cantelowes,"760,769"
Camden Town with Primrose Hill,"1,213,469"
Bloomsbury,"820,315"
Belsize,"1,047,385"
West Wickham,"543,649"
Shortlands,"567,364"
Plaistow and Sundridge,"484,940"
Petts Wood and Knoll,"573,558"
Penge and Cator,"451,537"
Orpington,"426,276"
Mottingham and Chislehurst North,"337,126"
Kelsey and Eden Park,"549,044"
Hayes and Coney Hall,"552,989"
Farnborough and Crofton,"555,587"
Darwin,"559,187"
Crystal Palace,"358,586"
Cray Valley West,"357,236"
Cray Valley East,"312,810"
Copers Cope,"425,756"
Clock House,"420,428"
Chislehurst,"599,948"
Chelsfield and Pratts Bottom,"512,416"
Bromley Town,"400,170"
Bromley Common and Keston,"463,900"
Biggin Hill,"364,292"
Bickley,"626,776"
Willesden Green,"458,757"
Wembley Central,"361,874"
Welsh Harp,"394,090"
Tokyngton,"385,498"
Sudbury,"351,142"
Stonebridge,"370,569"
Queensbury,"374,562"
Queens Park,"988,684"
Preston,"447,166"
Northwick Park,"552,804"
Mapesbury,"682,958"
Kilburn,"634,899"
Kenton,"536,241"
Kensal Green,"657,217"
Harlesden,"441,672"
Fryent,"431,677"
Dudden Hill,"607,101"
Dollis Hill,"473,657"
Brondesbury Park,"927,503"
Barnhill,"457,357"
Alperton,"381,743"
Thamesmead East,"238,025"
Sidcup,"378,082"
St Michael's,"364,355"
St Mary's,"452,566"
Northumberland Heath,"332,511"
North End,"265,282"
Longlands,"363,680"
Lesnes Abbey,"338,971"
Falconwood and Welling,"347,359"
Erith,"251,236"
East Wickham,"357,535"
Danson Park,"350,584"
Cray Meadows,"347,991"
Crayford,"264,425"
Colyers,"296,900"
Christchurch,"334,684"
Brampton,"394,039"
Blendon and Penhill,"370,108"
Blackfen and Lamorbey,"360,088"
Belvedere,"239,456"
Barnehurst,"333,458"
Woodhouse,"512,575"
West Hendon,"472,587"
West Finchley,"562,940"
Underhill,"558,728"
Totteridge,"723,500"
Oakleigh,"620,131"
Mill Hill,"713,812"
High Barnet,"566,180"
Hendon,"571,138"
Hale,"542,190"
Golders Green,"697,888"
Garden Suburb,"1,241,992"
Finchley Church End,"737,337"
Edgware,"442,667"
East Finchley,"574,445"
East Barnet,"485,130"
Coppetts,"527,687"
Colindale,"374,904"
Childs Hill,"777,797"
Burnt Oak,"337,379"
Brunswick Park,"537,413"
Whalebone,"295,071"
Village,"243,766"
Valence,"262,463"
Thames,"232,757"
River,"256,929"
Parsloes,"268,686"
Mayesbrook,"269,563"
Longbridge,"395,233"
Heath,"268,823"
Goresbrook,"268,819"
Gascoigne,"243,398"
Eastbury,"279,492"
Eastbrook,"321,252"
Chadwell Heath,"279,447"
Becontree,"277,961"
Alibon,"275,653"
Abbey,"230,617"
City of London,-
West End,"2,067,635"
Westbourne,"686,121"
Warwick,"1,085,669"
Vincent Square,"1,239,325"
Tachbrook,"1,012,608"
St James's,"1,783,106"
Regent's Park,"1,417,085"
Queen's Park,"672,390"
Marylebone High Street,"2,539,247"
Maida Vale,"872,342"
Little Venice,"1,279,229"
Lancaster Gate,"1,141,642"
Knightsbridge and Belgravia,"4,335,701"
Hyde Park,"1,282,952"
Harrow Road,"618,042"
Church Street,"637,812"
Churchill,"1,228,077"
Bryanston and Dorset Square,"1,356,726"
Bayswater,"1,312,120"
Abbey Road,"1,462,957"
West Putney,"766,565"
West Hill,"541,869"
Wandsworth Common,"1,014,456"
Tooting,"594,037"
Thamesfield,"863,893"
Southfields,"643,902"
Shaftesbury,"834,700"
St Mary's Park,"842,666"
Roehampton and Putney Heath,"441,785"
Queenstown,"782,933"
Northcote,"939,711"
Nightingale,"830,726"
Latchmere,"531,212"
Graveney,"550,558"
Furzedown,"510,839"
Fairfield,"711,104"
East Putney,"696,628"
Earlsfield,"591,196"
Bedford,"662,093"
Balham,"916,677"
Wood Street,"446,303"
William Morris,"421,725"
Valley,"329,938"
Markhouse,"448,875"
Leytonstone,"403,472"
Leyton,"380,638"
Lea Bridge,"368,924"
Larkswood,"383,558"
Hoe Street,"461,338"
Higham Hill,"372,785"
High Street,"430,033"
Hatch Lane,"398,350"
Hale End and Highams Park,"470,718"
Grove Green,"405,900"
Forest,"455,632"
Endlebury,"421,749"
Chingford Green,"433,077"
Chapel End,"404,584"
Cathall,"394,132"
Cann Hall,"400,455"
Whitechapel,"725,428"
Weavers,"657,672"
Stepney Green,"399,093"
Spitalfields and Banglatown,"490,961"
Shadwell,"796,292"
St Peter's,"402,146"
St Katharine's and Wapping,"738,020"
St Dunstan's,"406,642"
Poplar,"368,389"
Mile End,"429,800"
Limehouse,"634,318"
Lansbury,"347,273"
Island Gardens,"478,433"
Canary Wharf,"495,613"
Bromley South,"378,413"
Bromley North,"353,211"
Bow West,"597,456"
Bow East,"429,809"
Blackwall and Cubitt Town,"475,696"
Bethnal Green,"509,048"
Worcester Park,"353,846"
Wandle Valley,"274,321"
Wallington South,"344,477"
Wallington North,"341,006"
The Wrythe,"325,630"
Sutton West,"365,278"
Sutton South,"320,219"
Sutton North,"364,738"
Sutton Central,"284,864"
Stonecot,"400,294"
St Helier,"294,673"
Nonsuch,"471,207"
Cheam,"580,995"
Carshalton South and Clockhouse,"470,401"
Carshalton Central,"398,408"
Belmont,"444,284"
Beddington South,"477,347"
Beddington North,"352,394"
Village,"1,065,775"
The Lane,"567,975"
Surrey Docks,"484,998"
South Camberwell,"571,819"
South Bermondsey,"384,512"
Rotherhithe,"523,942"
Riverside,"979,361"
Peckham Rye,"542,523"
Peckham,"349,655"
Nunhead,"522,456"
Newington,"481,962"
Livesey,"383,262"
Grange,"611,254"
Faraday,"451,490"
East Walworth,"476,561"
East Dulwich,"683,006"
College,"610,022"
Chaucer,"548,005"
Cathedrals,"988,722"
Camberwell Green,"437,393"
Brunswick Park,"545,262"
Whitton,"481,074"
West Twickenham,"531,389"
Twickenham Riverside,"763,344"
Teddington,"752,594"
South Twickenham,"626,956"
South Richmond,"1,111,999"
St Margarets and North Twickenha,"713,063"
North Richmond,"779,946"
Mortlake and Barnes Common,"905,451"
Kew,"939,290"
Heathfield,"464,468"
Hampton Wick,"766,292"
Hampton North,"481,143"
Hampton,"634,024"
"Ham, Petersham and Richmond Rive","756,501"
Fulwell and Hampton Hill,"601,004"
East Sheen,"1,112,984"
Barnes,"1,596,329"
Wanstead,"594,962"
Valentines,"316,808"
Snaresbrook,"546,221"
Seven Kings,"331,539"
Roding,"454,388"
Newbury,"339,372"
Monkhams,"608,115"
Mayfield,"391,954"
Loxford,"285,062"
Hainault,"323,104"
Goodmayes,"316,800"
Fullwell,"372,400"
Fairlop,"385,949"
Cranbrook,"442,038"
Clementswood,"285,099"
Clayhall,"484,102"
Church End,"480,615"
Chadwell,"290,670"
Bridge,"411,952"
Barkingside,"401,631"
Aldborough,"361,654"
West Ham,"347,062"
Wall End,"306,543"
Stratford and New Town,"382,887"
Royal Docks,"389,529"
Plaistow South,"317,495"
Plaistow North,"334,554"
Manor Park,"328,606"
Little Ilford,"264,521"
Green Street West,"352,883"
Green Street East,"325,936"
Forest Gate South,"396,556"
Forest Gate North,"394,901"
East Ham South,"278,212"
East Ham North,"298,671"
East Ham Central,"294,389"
Custom House,"296,925"
Canning Town South,"384,256"
Canning Town North,"300,954"
Boleyn,"305,335"
Beckton,"293,618"
Wimbledon Park,"842,493"
West Barnes,"540,073"
Village,"1,862,960"
Trinity,"671,187"
St Helier,"351,540"
Raynes Park,"715,395"
Ravensbury,"356,496"
Pollards Hill,"319,203"
Merton Park,"637,265"
Lower Morden,"381,181"
Longthornton,"358,335"
Lavender Fields,"321,552"
Hillside,"934,392"
Graveney,"474,043"
Figge's Marsh,"303,028"
Dundonald,"651,143"
Cricket Green,"279,873"
Colliers Wood,"441,819"
Cannon Hill,"488,140"
Abbey,"602,401"
Whitefoot,"316,691"
Telegraph Hill,"506,144"
Sydenham,"423,371"
Rushey Green,"361,267"
Perry Vale,"462,976"
New Cross,"374,652"
Lewisham Central,"347,337"
Lee Green,"504,710"
Ladywell,"498,006"
Grove Park,"342,362"
Forest Hill,"496,509"
Evelyn,"422,327"
Downham,"309,849"
Crofton Park,"499,400"
Catford South,"437,312"
Brockley,"435,685"
Blackheath,"625,584"
Bellingham,"319,324"
Vassall,"538,991"
Tulse Hill,"574,922"
Thurlow Park,"579,363"
Thornton,"653,058"
Streatham Wells,"403,914"
Streatham South,"479,539"
Streatham Hill,"544,418"
Stockwell,"555,273"
St Leonard's,"502,055"
Prince's,"660,474"
Oval,"783,946"
Larkhall,"614,703"
Knight's Hill,"474,304"
Herne Hill,"605,616"
Gipsy Hill,"475,156"
Ferndale,"543,434"
Coldharbour,"528,620"
Clapham Town,"802,173"
Clapham Common,"813,406"
Brixton Hill,"508,666"
Bishop's,"745,137"
Tudor,"755,316"
Tolworth and Hook Rise,"395,639"
Surbiton Hill,"533,089"
St Mark's,"515,338"
St James,"543,892"
Old Malden,"475,983"
Norbiton,"434,950"
Grove,"490,103"
Coombe Vale,"674,501"
Coombe Hill,"959,809"
Chessington South,"372,745"
Chessington North and Hook,"360,424"
Canbury,"615,892"
Beverley,"497,853"
Berrylands,"507,177"
Alexandra,"424,152"
Stanley,"1,991,971"
St Helen's,"1,002,390"
Royal Hospital,"2,251,411"
Redcliffe,"1,440,562"
Queen's Gate,"2,512,169"
Pembridge,"1,680,179"
Notting Dale,"744,608"
Norland,"3,351,294"
Holland,"1,929,329"
Golborne,"742,506"
Earl's Court,"1,069,058"
Dalgarno,"765,767"
Courtfield,"1,996,313"
Colville,"1,492,463"
Chelsea Riverside,"2,125,122"
Campden,"3,285,915"
Brompton and Hans Town,"2,413,514"
Abingdon,"1,754,719"
Tollington,"594,655"
St Peter's,"872,797"
St Mary's,"1,016,195"
St George's,"664,414"
Mildmay,"710,838"
Junction,"590,003"
Holloway,"537,780"
Hillrise,"581,920"
Highbury West,"714,593"
Highbury East,"777,186"
Finsbury Park,"521,313"
Clerkenwell,"927,190"
Canonbury,"794,018"
Caledonian,"638,247"
Bunhill,"822,317"
Barnsbury,"933,505"
Turnham Green,"847,263"
Syon,"464,359"
Osterley and Spring Grove,"434,853"
Isleworth,"445,356"
Hounslow West,"321,546"
Hounslow South,"447,845"
Hounslow Heath,"303,610"
Hounslow Central,"326,354"
Heston West,"318,184"
Heston East,"358,084"
Heston Central,"363,713"
Hanworth Park,"308,454"
Hanworth,"299,758"
Feltham West,"273,257"
Feltham North,"319,407"
Cranford,"347,309"
Chiswick Riverside,"800,515"
Chiswick Homefields,"1,095,868"
Brentford,"575,194"
Bedfont,"290,126"
Yiewsley,"307,953"
Yeading,"307,137"
West Ruislip,"465,815"
West Drayton,"337,914"
Uxbridge South,"347,175"
Uxbridge North,"430,980"
Townfield,"314,925"
South Ruislip,"400,868"
Pinkwell,"346,589"
Northwood Hills,"514,161"
Northwood,"804,601"
Manor,"453,664"
Ickenham,"618,993"
Hillingdon East,"365,216"
Heathrow Villages,"270,376"
Harefield,"412,012"
Eastcote and East Ruislip,"566,620"
Charville,"334,087"
Cavendish,"460,385"
Brunel,"373,366"
Botwell,"316,579"
Barnhill,"330,564"
Upminster,"500,658"
Squirrel's Heath,"366,152"
South Hornchurch,"290,048"
St Andrew's,"324,284"
Romford Town,"285,503"
Rainham and Wennington,"282,571"
Pettits,"412,905"
Mawneys,"302,261"
Hylands,"354,502"
Heaton,"291,827"
Havering Park,"322,111"
Harold Wood,"326,854"
Hacton,"346,515"
Gooshays,"293,905"
Emerson Park,"534,155"
Elm Park,"303,129"
Cranham,"448,092"
Brooklands,"245,047"
West Harrow,"454,325"
Wealdstone,"363,007"
Stanmore Park,"734,785"
Roxeth,"365,978"
Roxbourne,"330,709"
Rayners Lane,"444,006"
Queensbury,"429,268"
Pinner South,"559,463"
Pinner,"627,132"
Marlborough,"390,952"
Kenton West,"509,148"
Kenton East,"416,707"
Headstone South,"423,352"
Headstone North,"508,159"
Hatch End,"593,733"
Harrow Weald,"512,007"
Harrow on the Hill,"510,010"
Greenhill,"355,022"
Edgware,"356,111"
Canons,"575,931"
Belmont,"587,597"
Woodside,"436,758"
White Hart Lane,"315,901"
West Green,"444,131"
Tottenham Hale,"326,674"
Tottenham Green,"410,779"
Stroud Green,"648,867"
Seven Sisters,"472,359"
St Ann's,"447,653"
Northumberland Park,"254,971"
Noel Park,"460,377"
Muswell Hill,"906,205"
Hornsey,"578,989"
Highgate,"1,380,905"
Harringay,"550,776"
Fortis Green,"886,277"
Crouch End,"854,412"
Bruce Grove,"390,281"
Bounds Green,"445,371"
Alexandra,"814,157"
Wormholt and White City,"627,201"
Town,"1,131,336"
Shepherd's Bush Green,"693,015"
Sands End,"1,117,744"
Ravenscourt Park,"950,670"
Parsons Green and Walham,"1,257,412"
Palace Riverside,"1,193,317"
North End,"706,108"
Munster,"975,041"
Hammersmith Broadway,"798,868"
Fulham Reach,"879,735"
Fulham Broadway,"1,070,523"
College Park and Old Oak,"550,454"
Avonmore and Brook Green,"908,003"
Askew,"666,450"
Addison,"861,348"
Woodberry Down,"468,892"
Victoria,"610,916"
Stoke Newington,"673,331"
Stamford Hill West,"562,382"
Springfield,"432,359"
Shacklewell,"578,008"
London Fields,"764,993"
Lea Bridge,"531,433"
King's Park,"521,122"
Hoxton West,"782,383"
Hoxton East and Shoreditch,"665,758"
Homerton,"480,138"
Haggerston,"502,839"
Hackney Wick,"541,783"
Hackney Downs,"548,445"
Hackney Central,"492,022"
De Beauvoir,"685,099"
Dalston,"601,148"
Clissold,"620,045"
Cazenove,"509,052"
Brownswood,"592,194"
Woolwich Riverside,"366,552"
Woolwich Common,"323,006"
Thamesmead Moorings,"247,525"
Shooters Hill,"352,297"
Plumstead,"298,658"
Peninsula,"465,639"
Middle Park and Sutcliffe,"450,152"
Kidbrooke with Hornfair,"353,602"
Greenwich West,"565,916"
Glyndon,"283,447"
Eltham West,"404,531"
Eltham South,"367,584"
Eltham North,"424,655"
Coldharbour and New Eltham,"394,934"
Charlton,"468,252"
Blackheath Westcombe,"709,414"
Abbey Wood,"303,772"
Winchmore Hill,"621,500"
Upper Edmonton,"306,646"
Turkey Street,"294,037"
Town,"408,910"
Southgate Green,"659,343"
Southgate,"489,601"
Southbury,"334,227"
Ponders End,"290,913"
Palmers Green,"474,916"
Lower Edmonton,"294,931"
Jubilee,"305,865"
Highlands,"446,520"
Haselbury,"311,173"
Grange,"492,290"
Enfield Lock,"280,603"
Enfield Highway,"304,146"
Edmonton Green,"267,593"
Cockfosters,"751,857"
Chase,"403,526"
Bush Hill Park,"432,917"
Bowes,"429,365"
Walpole,"688,327"
Southfield,"874,726"
Southall Green,"242,080"
Southall Broadway,"288,695"
South Acton,"607,528"
Perivale,"412,597"
Norwood Green,"440,354"
Northolt West End,"301,357"
Northolt Mandeville,"338,539"
North Greenford,"376,899"
Northfield,"689,555"
Lady Margaret,"359,922"
Hobbayne,"499,852"
Hanger Hill,"618,177"
Greenford Green,"388,410"
Greenford Broadway,"304,531"
Elthorne,"516,972"
East Acton,"483,816"
Ealing Common,"725,604"
Ealing Broadway,"626,087"
Dormers Wells,"318,471"
Cleveland,"624,649"
Acton Central,"645,658"
Woodside,"305,840"
West Thornton,"292,107"
Waddon,"289,026"
Upper Norwood,"401,246"
Thornton Heath,"297,947"
South Norwood,"347,069"
Shirley,"389,019"
Selsdon and Ballards,"421,237"
Selhurst,"277,180"
Sanderstead,"490,468"
Purley,"500,587"
Norbury,"432,261"
New Addington,"290,857"
Kenley,"432,788"
Heathfield,"312,909"
Fieldway,"272,717"
Fairfield,"316,559"
Croham,"344,462"
Coulsdon West,"487,099"
Coulsdon East,"426,563"
Broad Green,"270,882"
Bensham Manor,"291,807"
Ashburton,"383,987"
Addiscombe,"322,977"
West Hampstead,"773,108"
Swiss Cottage,"1,668,352"
St Pancras and Somers Town,"881,289"
Regent's Park,"1,528,108"
King's Cross,"566,582"
Kilburn,"640,063"
Kentish Town,"819,144"
Holborn and Covent Garden,"1,015,625"
Highgate,"1,248,358"
Haverstock,"741,603"
Hampstead Town,"1,721,734"
Gospel Oak,"993,447"
Frognal and Fitzjohns,"1,743,712"
Fortune Green,"753,962"
Cantelowes,"713,848"
Camden Town with Primrose Hill,"1,264,025"
Bloomsbury,"816,962"
Belsize,"1,052,822"
West Wickham,"525,850"
Shortlands,"580,089"
Plaistow and Sundridge,"479,624"
Petts Wood and Knoll,"551,802"
Penge and Cator,"444,966"
Orpington,"411,617"
Mottingham and Chislehurst North,"333,862"
Kelsey and Eden Park,"533,264"
Hayes and Coney Hall,"530,084"
Farnborough and Crofton,"533,115"
Darwin,"550,783"
Crystal Palace,"347,566"
Cray Valley West,"340,122"
Cray Valley East,"305,597"
Copers Cope,"438,060"
Clock House,"415,542"
Chislehurst,"580,614"
Chelsfield and Pratts Bottom,"526,935"
Bromley Town,"391,775"
Bromley Common and Keston,"449,298"
Biggin Hill,"352,561"
Bickley,"619,636"
Willesden Green,"475,353"
Wembley Central,"349,452"
Welsh Harp,"395,236"
Tokyngton,"369,694"
Sudbury,"335,420"
Stonebridge,"361,900"
Queensbury,"396,327"
Queens Park,"981,689"
Preston,"436,762"
Northwick Park,"563,879"
Mapesbury,"630,407"
Kilburn,"620,210"
Kenton,"545,892"
Kensal Green,"673,654"
Harlesden,"416,241"
Fryent,"422,569"
Dudden Hill,"623,881"
Dollis Hill,"460,347"
Brondesbury Park,"916,632"
Barnhill,"455,959"
Alperton,"360,831"
Thamesmead East,"225,992"
Sidcup,"359,734"
St Michael's,"344,083"
St Mary's,"447,951"
Northumberland Heath,"324,777"
North End,"259,604"
Longlands,"356,401"
Lesnes Abbey,"327,670"
Falconwood and Welling,"341,235"
Erith,"241,310"
East Wickham,"328,170"
Danson Park,"340,529"
Cray Meadows,"332,959"
Crayford,"259,494"
Colyers,"284,046"
Christchurch,"330,500"
Brampton,"377,855"
Blendon and Penhill,"369,373"
Blackfen and Lamorbey,"359,418"
Belvedere,"227,738"
Barnehurst,"316,636"
Woodhouse,"502,677"
West Hendon,"472,514"
West Finchley,"548,633"
Underhill,"536,401"
Totteridge,"761,015"
Oakleigh,"622,912"
Mill Hill,"734,108"
High Barnet,"564,730"
Hendon,"534,007"
Hale,"540,219"
Golders Green,"717,921"
Garden Suburb,"1,328,287"
Finchley Church End,"752,332"
Edgware,"451,423"
East Finchley,"570,674"
East Barnet,"465,930"
Coppetts,"521,745"
Colindale,"352,230"
Childs Hill,"792,690"
Burnt Oak,"328,154"
Brunswick Park,"525,050"
Whalebone,"283,551"
Village,"231,508"
Valence,"261,206"
Thames,"230,779"
River,"248,567"
Parsloes,"264,620"
Mayesbrook,"252,602"
Longbridge,"376,814"
Heath,"269,604"
Goresbrook,"255,442"
Gascoigne,"230,979"
Eastbury,"267,652"
Eastbrook,"306,492"
Chadwell Heath,"282,417"
Becontree,"269,184"
Alibon,"258,467"
Abbey,"221,505"
City of London,-
West End,"1,924,093"
Westbourne,"682,486"
Warwick,"1,069,727"
Vincent Square,"1,195,539"
Tachbrook,"995,347"
St James's,"1,692,246"
Regent's Park,"1,414,471"
Queen's Park,"642,058"
Marylebone High Street,"2,318,674"
Maida Vale,"892,858"
Little Venice,"1,327,181"
Lancaster Gate,"1,133,295"
Knightsbridge and Belgravia,"4,168,373"
Hyde Park,"1,191,938"
Harrow Road,"619,328"
Church Street,"615,673"
Churchill,"1,137,519"
Bryanston and Dorset Square,"1,332,330"
Bayswater,"1,303,804"
Abbey Road,"1,309,680"
West Putney,"767,962"
West Hill,"542,929"
Wandsworth Common,"993,069"
Tooting,"574,345"
Thamesfield,"875,019"
Southfields,"631,576"
Shaftesbury,"808,708"
St Mary's Park,"780,064"
Roehampton and Putney Heath,"450,891"
Queenstown,"752,694"
Northcote,"947,178"
Nightingale,"814,664"
Latchmere,"527,693"
Graveney,"503,078"
Furzedown,"499,836"
Fairfield,"716,480"
East Putney,"700,676"
Earlsfield,"580,620"
Bedford,"655,903"
Balham,"905,590"
Wood Street,"442,416"
William Morris,"409,832"
Valley,"324,900"
Markhouse,"420,356"
Leytonstone,"400,820"
Leyton,"374,804"
Lea Bridge,"366,849"
Larkswood,"375,027"
Hoe Street,"453,926"
Higham Hill,"359,648"
High Street,"409,196"
Hatch Lane,"381,193"
Hale End and Highams Park,"445,474"
Grove Green,"394,289"
Forest,"429,449"
Endlebury,"415,582"
Chingford Green,"434,900"
Chapel End,"401,184"
Cathall,"389,291"
Cann Hall,"389,944"
Whitechapel,"681,299"
Weavers,"655,271"
Stepney Green,"403,593"
Spitalfields and Banglatown,"473,903"
Shadwell,"748,705"
St Peter's,"392,762"
St Katharine's and Wapping,"663,404"
St Dunstan's,"394,330"
Poplar,"353,899"
Mile End,"403,554"
Limehouse,"607,004"
Lansbury,"351,705"
Island Gardens,"472,388"
Canary Wharf,"500,757"
Bromley South,"374,912"
Bromley North,"348,936"
Bow West,"592,440"
Bow East,"419,229"
Blackwall and Cubitt Town,"483,994"
Bethnal Green,"497,857"
Worcester Park,"353,442"
Wandle Valley,"264,395"
Wallington South,"332,766"
Wallington North,"337,097"
The Wrythe,"311,120"
Sutton West,"358,708"
Sutton South,"317,126"
Sutton North,"349,105"
Sutton Central,"276,506"
Stonecot,"389,194"
St Helier,"285,725"
Nonsuch,"457,136"
Cheam,"589,757"
Carshalton South and Clockhouse,"486,433"
Carshalton Central,"384,135"
Belmont,"427,288"
Beddington South,"465,370"
Beddington North,"339,093"
Village,"1,055,634"
The Lane,"561,031"
Surrey Docks,"476,067"
South Camberwell,"572,358"
South Bermondsey,"378,958"
Rotherhithe,"506,672"
Riverside,"908,488"
Peckham Rye,"543,058"
Peckham,"344,580"
Nunhead,"500,939"
Newington,"468,398"
Livesey,"366,612"
Grange,"618,194"
Faraday,"407,987"
East Walworth,"451,249"
East Dulwich,"664,328"
College,"614,673"
Chaucer,"544,126"
Cathedrals,"1,038,173"
Camberwell Green,"444,072"
Brunswick Park,"531,193"
Whitton,"469,820"
West Twickenham,"527,231"
Twickenham Riverside,"788,561"
Teddington,"740,779"
South Twickenham,"607,025"
South Richmond,"1,142,745"
St Margarets and North Twickenha,"687,248"
North Richmond,"763,330"
Mortlake and Barnes Common,"858,377"
Kew,"923,739"
Heathfield,"450,228"
Hampton Wick,"750,780"
Hampton North,"474,372"
Hampton,"617,539"
"Ham, Petersham and Richmond Rive","723,825"
Fulwell and Hampton Hill,"588,890"
East Sheen,"1,082,758"
Barnes,"1,713,441"
Wanstead,"596,331"
Valentines,"317,840"
Snaresbrook,"528,578"
Seven Kings,"328,235"
Roding,"439,636"
Newbury,"339,579"
Monkhams,"610,104"
Mayfield,"373,610"
Loxford,"270,426"
Hainault,"306,605"
Goodmayes,"308,420"
Fullwell,"373,415"
Fairlop,"371,814"
Cranbrook,"432,813"
Clementswood,"281,223"
Clayhall,"476,208"
Church End,"475,772"
Chadwell,"281,223"
Bridge,"399,203"
Barkingside,"395,232"
Aldborough,"351,854"
West Ham,"346,455"
Wall End,"291,813"
Stratford and New Town,"373,937"
Royal Docks,"377,807"
Plaistow South,"307,888"
Plaistow North,"330,255"
Manor Park,"307,797"
Little Ilford,"259,351"
Green Street West,"334,180"
Green Street East,"313,319"
Forest Gate South,"374,947"
Forest Gate North,"376,396"
East Ham South,"272,317"
East Ham North,"292,876"
East Ham Central,"288,873"
Custom House,"278,048"
Canning Town South,"372,837"
Canning Town North,"290,726"
Boleyn,"290,663"
Beckton,"294,946"
Wimbledon Park,"819,777"
West Barnes,"546,794"
Village,"1,876,684"
Trinity,"663,395"
St Helier,"335,907"
Raynes Park,"719,839"
Ravensbury,"345,992"
Pollards Hill,"308,137"
Merton Park,"632,724"
Lower Morden,"375,481"
Longthornton,"349,970"
Lavender Fields,"312,466"
Hillside,"858,262"
Graveney,"459,886"
Figge's Marsh,"301,608"
Dundonald,"645,601"
Cricket Green,"269,700"
Colliers Wood,"428,524"
Cannon Hill,"480,915"
Abbey,"581,461"
Whitefoot,"312,060"
Telegraph Hill,"497,145"
Sydenham,"416,719"
Rushey Green,"340,356"
Perry Vale,"457,020"
New Cross,"368,821"
Lewisham Central,"340,517"
Lee Green,"488,460"
Ladywell,"482,958"
Grove Park,"332,064"
Forest Hill,"491,322"
Evelyn,"408,601"
Downham,"301,348"
Crofton Park,"495,412"
Catford South,"413,856"
Brockley,"430,558"
Blackheath,"624,326"
Bellingham,"311,490"
Vassall,"543,018"
Tulse Hill,"565,188"
Thurlow Park,"557,518"
Thornton,"595,267"
Streatham Wells,"397,808"
Streatham South,"460,764"
Streatham Hill,"528,174"
Stockwell,"560,390"
St Leonard's,"504,890"
Prince's,"655,353"
Oval,"776,322"
Larkhall,"612,644"
Knight's Hill,"464,938"
Herne Hill,"578,810"
Gipsy Hill,"448,936"
Ferndale,"549,258"
Coldharbour,"510,790"
Clapham Town,"816,578"
Clapham Common,"803,954"
Brixton Hill,"498,939"
Bishop's,"685,357"
Tudor,"726,628"
Tolworth and Hook Rise,"385,754"
Surbiton Hill,"529,428"
St Mark's,"489,308"
St James,"518,335"
Old Malden,"461,183"
Norbiton,"431,150"
Grove,"475,945"
Coombe Vale,"697,294"
Coombe Hill,"935,334"
Chessington South,"364,800"
Chessington North and Hook,"347,260"
Canbury,"622,446"
Beverley,"465,628"
Berrylands,"488,174"
Alexandra,"409,283"
Stanley,"1,846,611"
St Helen's,"956,440"
Royal Hospital,"2,229,035"
Redcliffe,"1,501,843"
Queen's Gate,"2,809,175"
Pembridge,"1,759,388"
Notting Dale,"789,114"
Norland,"3,191,496"
Holland,"1,945,931"
Golborne,"717,743"
Earl's Court,"1,079,349"
Dalgarno,"754,220"
Courtfield,"2,012,314"
Colville,"1,420,742"
Chelsea Riverside,"2,276,378"
Campden,"3,161,569"
Brompton and Hans Town,"2,300,648"
Abingdon,"1,788,085"
Tollington,"575,800"
St Peter's,"865,228"
St Mary's,"1,027,170"
St George's,"667,612"
Mildmay,"706,771"
Junction,"580,392"
Holloway,"540,948"
Hillrise,"580,581"
Highbury West,"702,916"
Highbury East,"850,683"
Finsbury Park,"516,798"
Clerkenwell,"954,084"
Canonbury,"817,610"
Caledonian,"667,798"
Bunhill,"793,147"
Barnsbury,"1,013,045"
Turnham Green,"866,241"
Syon,"450,491"
Osterley and Spring Grove,"435,004"
Isleworth,"392,220"
Hounslow West,"316,623"
Hounslow South,"436,413"
Hounslow Heath,"304,805"
Hounslow Central,"316,145"
Heston West,"314,825"
Heston East,"345,223"
Heston Central,"359,304"
Hanworth Park,"297,039"
Hanworth,"294,083"
Feltham West,"266,232"
Feltham North,"313,620"
Cranford,"327,999"
Chiswick Riverside,"866,724"
Chiswick Homefields,"1,151,061"
Brentford,"552,932"
Bedfont,"282,414"
Yiewsley,"288,634"
Yeading,"304,290"
West Ruislip,"443,143"
West Drayton,"329,428"
Uxbridge South,"332,008"
Uxbridge North,"409,225"
Townfield,"302,910"
South Ruislip,"388,084"
Pinkwell,"327,245"
Northwood Hills,"490,380"
Northwood,"761,453"
Manor,"439,291"
Ickenham,"613,507"
Hillingdon East,"353,540"
Heathrow Villages,"270,699"
Harefield,"398,221"
Eastcote and East Ruislip,"549,566"
Charville,"320,359"
Cavendish,"442,530"
Brunel,"357,007"
Botwell,"308,527"
Barnhill,"319,643"
Upminster,"491,744"
Squirrel's Heath,"357,425"
South Hornchurch,"278,368"
St Andrew's,"313,737"
Romford Town,"286,754"
Rainham and Wennington,"272,136"
Pettits,"407,693"
Mawneys,"293,445"
Hylands,"348,224"
Heaton,"275,619"
Havering Park,"308,667"
Harold Wood,"317,229"
Hacton,"338,308"
Gooshays,"283,229"
Emerson Park,"528,257"
Elm Park,"286,712"
Cranham,"438,831"
Brooklands,"241,107"
West Harrow,"442,995"
Wealdstone,"347,994"
Stanmore Park,"791,168"
Roxeth,"365,487"
Roxbourne,"324,630"
Rayners Lane,"437,260"
Queensbury,"424,507"
Pinner South,"574,900"
Pinner,"622,679"
Marlborough,"379,540"
Kenton West,"508,673"
Kenton East,"408,548"
Headstone South,"415,347"
Headstone North,"501,187"
Hatch End,"585,356"
Harrow Weald,"517,217"
Harrow on the Hill,"458,353"
Greenhill,"347,223"
Edgware,"349,040"
Canons,"556,408"
Belmont,"574,620"
Woodside,"429,935"
White Hart Lane,"308,997"
West Green,"414,154"
Tottenham Hale,"309,956"
Tottenham Green,"392,412"
Stroud Green,"624,455"
Seven Sisters,"464,705"
St Ann's,"431,753"
Northumberland Park,"268,893"
Noel Park,"438,316"
Muswell Hill,"874,457"
Hornsey,"540,109"
Highgate,"1,418,489"
Harringay,"539,329"
Fortis Green,"889,093"
Crouch End,"795,915"
Bruce Grove,"390,974"
Bounds Green,"434,599"
Alexandra,"760,982"
Wormholt and White City,"637,347"
Town,"1,066,103"
Shepherd's Bush Green,"690,603"
Sands End,"1,197,270"
Ravenscourt Park,"1,000,813"
Parsons Green and Walham,"1,288,258"
Palace Riverside,"1,217,825"
North End,"710,654"
Munster,"987,567"
Hammersmith Broadway,"789,742"
Fulham Reach,"859,641"
Fulham Broadway,"1,071,364"
College Park and Old Oak,"519,259"
Avonmore and Brook Green,"909,276"
Askew,"659,043"
Addison,"900,353"
Woodberry Down,"456,888"
Victoria,"612,380"
Stoke Newington,"693,113"
Stamford Hill West,"553,948"
Springfield,"438,375"
Shacklewell,"575,906"
London Fields,"767,740"
Lea Bridge,"539,621"
King's Park,"511,908"
Hoxton West,"762,933"
Hoxton East and Shoreditch,"680,749"
Homerton,"497,296"
Haggerston,"497,729"
Hackney Wick,"500,583"
Hackney Downs,"530,493"
Hackney Central,"456,993"
De Beauvoir,"680,042"
Dalston,"625,354"
Clissold,"612,867"
Cazenove,"484,635"
Brownswood,"572,165"
Woolwich Riverside,"361,749"
Woolwich Common,"305,994"
Thamesmead Moorings,"241,344"
Shooters Hill,"340,871"
Plumstead,"286,971"
Peninsula,"462,255"
Middle Park and Sutcliffe,"462,704"
Kidbrooke with Hornfair,"344,203"
Greenwich West,"558,048"
Glyndon,"275,206"
Eltham West,"392,645"
Eltham South,"370,788"
Eltham North,"394,308"
Coldharbour and New Eltham,"379,353"
Charlton,"436,276"
Blackheath Westcombe,"695,638"
Abbey Wood,"295,853"
Winchmore Hill,"620,885"
Upper Edmonton,"298,322"
Turkey Street,"290,437"
Town,"400,980"
Southgate Green,"620,749"
Southgate,"469,008"
Southbury,"332,008"
Ponders End,"280,229"
Palmers Green,"456,504"
Lower Edmonton,"286,409"
Jubilee,"298,257"
Highlands,"437,548"
Haselbury,"300,857"
Grange,"479,123"
Enfield Lock,"264,802"
Enfield Highway,"295,260"
Edmonton Green,"262,261"
Cockfosters,"724,163"
Chase,"389,821"
Bush Hill Park,"429,147"
Bowes,"415,405"
Walpole,"684,845"
Southfield,"882,117"
Southall Green,"265,123"
Southall Broadway,"287,680"
South Acton,"595,559"
Perivale,"412,534"
Norwood Green,"464,416"
Northolt West End,"291,891"
Northolt Mandeville,"335,278"
North Greenford,"372,229"
Northfield,"666,598"
Lady Margaret,"352,429"
Hobbayne,"471,537"
Hanger Hill,"616,115"
Greenford Green,"375,106"
Greenford Broadway,"298,040"
Elthorne,"508,778"
East Acton,"487,687"
Ealing Common,"668,251"
Ealing Broadway,"660,923"
Dormers Wells,"303,533"
Cleveland,"619,066"
Acton Central,"649,509"
Woodside,"294,751"
West Thornton,"282,660"
Waddon,"285,605"
Upper Norwood,"393,394"
Thornton Heath,"289,470"
South Norwood,"333,655"
Shirley,"385,923"
Selsdon and Ballards,"432,953"
Selhurst,"267,076"
Sanderstead,"475,337"
Purley,"489,836"
Norbury,"424,298"
New Addington,"275,004"
Kenley,"429,128"
Heathfield,"314,732"
Fieldway,"271,711"
Fairfield,"330,277"
Croham,"335,228"
Coulsdon West,"469,482"
Coulsdon East,"427,135"
Broad Green,"267,957"
Bensham Manor,"281,112"
Ashburton,"372,295"
Addiscombe,"312,384"
West Hampstead,"764,907"
Swiss Cottage,"1,768,072"
St Pancras and Somers Town,"873,379"
Regent's Park,"1,429,751"
King's Cross,"576,929"
Kilburn,"628,946"
Kentish Town,"815,568"
Holborn and Covent Garden,"959,145"
Highgate,"1,262,835"
Haverstock,"766,830"
Hampstead Town,"1,670,941"
Gospel Oak,"1,027,122"
Frognal and Fitzjohns,"1,664,604"
Fortune Green,"744,831"
Cantelowes,"764,146"
Camden Town with Primrose Hill,"1,252,737"
Bloomsbury,"757,092"
Belsize,"1,052,069"
West Wickham,"507,101"
Shortlands,"557,513"
Plaistow and Sundridge,"471,095"
Petts Wood and Knoll,"530,852"
Penge and Cator,"429,828"
Orpington,"398,120"
Mottingham and Chislehurst North,"325,343"
Kelsey and Eden Park,"526,971"
Hayes and Coney Hall,"499,601"
Farnborough and Crofton,"530,075"
Darwin,"536,416"
Crystal Palace,"344,583"
Cray Valley West,"330,750"
Cray Valley East,"296,281"
Copers Cope,"453,784"
Clock House,"412,158"
Chislehurst,"579,759"
Chelsfield and Pratts Bottom,"518,337"
Bromley Town,"381,563"
Bromley Common and Keston,"425,022"
Biggin Hill,"328,512"
Bickley,"605,184"
Willesden Green,"461,447"
Wembley Central,"349,523"
Welsh Harp,"396,847"
Tokyngton,"370,024"
Sudbury,"338,553"
Stonebridge,"352,712"
Queensbury,"400,657"
Queens Park,"1,002,505"
Preston,"415,053"
Northwick Park,"544,762"
Mapesbury,"643,796"
Kilburn,"599,224"
Kenton,"530,998"
Kensal Green,"664,368"
Harlesden,"403,956"
Fryent,"412,616"
Dudden Hill,"610,685"
Dollis Hill,"453,977"
Brondesbury Park,"872,874"
Barnhill,"458,695"
Alperton,"344,342"
Thamesmead East,"220,264"
Sidcup,"350,561"
St Michael's,"340,466"
St Mary's,"423,392"
Northumberland Heath,"311,903"
North End,"252,555"
Longlands,"350,920"
Lesnes Abbey,"320,230"
Falconwood and Welling,"328,948"
Erith,"234,617"
East Wickham,"309,495"
Danson Park,"332,830"
Cray Meadows,"325,157"
Crayford,"248,651"
Colyers,"265,921"
Christchurch,"327,757"
Brampton,"359,695"
Blendon and Penhill,"358,332"
Blackfen and Lamorbey,"351,971"
Belvedere,"211,025"
Barnehurst,"298,281"
Woodhouse,"492,090"
West Hendon,"457,444"
West Finchley,"545,011"
Underhill,"518,872"
Totteridge,"784,917"
Oakleigh,"593,138"
Mill Hill,"667,262"
High Barnet,"543,839"
Hendon,"546,664"
Hale,"528,963"
Golders Green,"711,308"
Garden Suburb,"1,319,486"
Finchley Church End,"711,187"
Edgware,"500,583"
East Finchley,"565,535"
East Barnet,"447,321"
Coppetts,"509,198"
Colindale,"334,386"
Childs Hill,"840,735"
Burnt Oak,"323,209"
Brunswick Park,"489,529"
Whalebone,"260,261"
Village,"224,055"
Valence,"258,895"
Thames,"226,531"
River,"245,151"
Parsloes,"245,967"
Mayesbrook,"247,958"
Longbridge,"357,157"
Heath,"254,449"
Goresbrook,"242,088"
Gascoigne,"222,753"
Eastbury,"263,742"
Eastbrook,"287,247"
Chadwell Heath,"282,682"
Becontree,"253,269"
Alibon,"244,132"
Abbey,"213,651"
City of London,-
